,State Code,County Code,Site Num,Parameter Code,POC,Latitude,Longitude,Datum,Parameter Name,Sample Duration,Pollutant Standard,Metric Used,Method Name,Year,Units of Measure,Event Type,Observation Count,Observation Percent,Completeness Indicator,Valid Day Count,Required Day Count,Exceptional Data Count,Null Data Count,Primary Exceedance Count,Secondary Exceedance Count,Certification Indicator,Num Obs Below MDL,Arithmetic Mean,Arithmetic Standard Dev,1st Max Value,1st Max DateTime,2nd Max Value,2nd Max DateTime,3rd Max Value,3rd Max DateTime,4th Max Value,4th Max DateTime,1st Max Non Overlapping Value,1st NO Max DateTime,2nd Max Non Overlapping Value,2nd NO Max DateTime,99th Percentile,98th Percentile,95th Percentile,90th Percentile,75th Percentile,50th Percentile,10th Percentile,Local Site Name,Address,State Name,County Name,City Name,CBSA Name,Date of Last Change,Site_keys,LU
0,10,1,1,11101,1,39.154722,-75.529444,WGS84,Suspended particulate (TSP),24 HOUR,,Observed Values,HI-VOL - GRAVIMETRIC,1980,Micrograms/cubic meter (25 C),No Events,61,100,Y,61,61,0,0,,,Certification not required,0,59.95081999999999,27.283955,171.0,1980-08-01 00:00,145.0,1980-08-25 00:00,113.0,1980-08-13 00:00,100.0,1980-05-15 00:00,,,,,171.0,145.0,100.0,91.0,72.0,55.0,34.0,,DOVER POLICE STA BANKLANE & QUEEN ST,Delaware,Kent,Dover,"Dover, DE",2010-04-25,[ 39.154722 -75.529444],"{'Commercial and Services': 0.07, 'Residential': 0.51, 'Cropland and pasture': 0.42}"
1,10,1,1,42401,1,39.154722,-75.529444,WGS84,Sulfur dioxide,1 HOUR,SO2 1-hour 2010,Daily maximum 1-hour average,INSTRUMENTAL - FLAME PHOTOMETRIC,1980,Parts per billion,No Events,7288,83,N,298,366,0,0,7.0,,Certification not required,0,15.671141,20.11045,120.0,1980-03-03 06:00,100.0,1980-03-04 09:00,100.0,1980-04-24 10:00,80.0,1980-04-03 12:00,,,,,100.0,80.0,50.0,40.0,30.0,10.0,0.0,,DOVER POLICE STA BANKLANE & QUEEN ST,Delaware,Kent,Dover,"Dover, DE",2013-02-16,[ 39.154722 -75.529444],"{'Commercial and Services': 0.07, 'Residential': 0.51, 'Cropland and pasture': 0.42}"
2,10,1,1,42401,1,39.154722,-75.529444,WGS84,Sulfur dioxide,1 HOUR,SO2 Annual 1971,Observed Values,INSTRUMENTAL - FLAME PHOTOMETRIC,1980,Parts per billion,No Events,7288,83,N,298,366,0,0,,,Certification not required,0,4.153403,9.437134,120.0,1980-03-03 06:00,100.0,1980-03-03 09:00,100.0,1980-03-04 09:00,100.0,1980-04-24 10:00,,,,,40.0,30.0,20.0,20.0,0.0,0.0,0.0,,DOVER POLICE STA BANKLANE & QUEEN ST,Delaware,Kent,Dover,"Dover, DE",2013-02-16,[ 39.154722 -75.529444],"{'Commercial and Services': 0.07, 'Residential': 0.51, 'Cropland and pasture': 0.42}"
3,10,1,1,42401,1,39.154722,-75.529444,WGS84,Sulfur dioxide,24-HR BLK AVG,SO2 24-hour 1971,Daily Average of observed values,,1980,Parts per billion,No Events,298,81,N,298,366,0,0,0.0,,Certification not required,0,4.055369000000001,6.889247999999999,35.8,1980-02-15 00:00,35.8,1980-03-03 00:00,32.1,1980-04-03 00:00,30.4,1980-03-04 00:00,,,,,32.1,26.7,19.6,13.8,5.0,0.4,0.0,,DOVER POLICE STA BANKLANE & QUEEN ST,Delaware,Kent,Dover,"Dover, DE",2013-02-16,[ 39.154722 -75.529444],"{'Commercial and Services': 0.07, 'Residential': 0.51, 'Cropland and pasture': 0.42}"
4,10,1,1,42401,1,39.154722,-75.529444,WGS84,Sulfur dioxide,3-HR BLK AVG,SO2 3-hour 1971,3-Hour block average of observed hourly values,,1980,Parts per billion,No Events,2423,83,N,298,366,0,0,,0.0,Certification not required,0,4.143582,8.597817,80.0,1980-03-03 08:00,70.0,1980-04-25 23:00,66.6,1980-03-03 11:00,63.3,1980-04-24 11:00,,,,,36.6,30.0,20.0,16.6,3.3,0.0,0.0,,DOVER POLICE STA BANKLANE & QUEEN ST,Delaware,Kent,Dover,"Dover, DE",2013-02-16,[ 39.154722 -75.529444],"{'Commercial and Services': 0.07, 'Residential': 0.51, 'Cropland and pasture': 0.42}"
5,10,1,1,44201,1,39.154722,-75.529444,WGS84,Ozone,1 HOUR,Ozone 1-hour Daily 2005,Daily maxima of observed hourly values (between 9:00 AM and 8:00 PM),INSTRUMENTAL - CHEMILUMINESCENCE,1980,Parts per million,No Events,4889,68,N,146,214,0,0,1.0,1.0,Certification not required,0,0.037801,0.029161000000000003,0.13,1980-07-16 15:00,0.11,1980-03-23 14:00,0.11,1980-03-27 13:00,0.11,1980-03-30 13:00,,,,,0.11,0.11,0.11,0.09,0.07,0.04,0.02,,DOVER POLICE STA BANKLANE & QUEEN ST,Delaware,Kent,Dover,"Dover, DE",2016-08-18,[ 39.154722 -75.529444],"{'Commercial and Services': 0.07, 'Residential': 0.51, 'Cropland and pasture': 0.42}"
6,10,1,1,44201,1,39.154722,-75.529444,WGS84,Ozone,8-HR RUN AVG BEGIN HOUR,Ozone 8-Hour 1997,Daily maximum of 8 hour running average of observed hourly values,,1980,Parts per million,No Events,4859,68,N,153,226,0,0,16.0,16.0,Certification not required,0,0.035699,0.027483999999999998,0.10099999999999999,1980-07-20 11:00,0.098,1980-07-16 10:00,0.096,1980-03-30 17:00,0.096,1980-07-21 11:00,,,,,0.098,0.096,0.092,0.085,0.055,0.03,0.015,,DOVER POLICE STA BANKLANE & QUEEN ST,Delaware,Kent,Dover,"Dover, DE",2016-08-18,[ 39.154722 -75.529444],"{'Commercial and Services': 0.07, 'Residential': 0.51, 'Cropland and pasture': 0.42}"
7,10,1,1,44201,1,39.154722,-75.529444,WGS84,Ozone,8-HR RUN AVG BEGIN HOUR,Ozone 8-Hour 2008,Daily maximum of 8 hour running average of observed hourly values,,1980,Parts per million,No Events,4859,68,N,153,226,0,0,19.0,19.0,Certification not required,0,0.035699,0.027483999999999998,0.10099999999999999,1980-07-20 11:00,0.098,1980-07-16 10:00,0.096,1980-03-30 17:00,0.096,1980-07-21 11:00,,,,,0.098,0.096,0.092,0.085,0.055,0.03,0.015,,DOVER POLICE STA BANKLANE & QUEEN ST,Delaware,Kent,Dover,"Dover, DE",2016-08-18,[ 39.154722 -75.529444],"{'Commercial and Services': 0.07, 'Residential': 0.51, 'Cropland and pasture': 0.42}"
8,10,1,1,44201,1,39.154722,-75.529444,WGS84,Ozone,8-HR RUN AVG BEGIN HOUR,Ozone 8-hour 2015,Daily maximum of 8-hour running average,,1980,Parts per million,No Events,3435,69,N,156,226,0,0,23.0,23.0,Certification not required,0,0.035082999999999996,0.027226,0.10099999999999999,1980-07-20 11:00,0.098,1980-07-16 10:00,0.096,1980-03-30 17:00,0.096,1980-07-21 11:00,,,,,0.098,0.096,0.092,0.081,0.055,0.03,0.013000000000000001,,DOVER POLICE STA BANKLANE & QUEEN ST,Delaware,Kent,Dover,"Dover, DE",2016-08-18,[ 39.154722 -75.529444],"{'Commercial and Services': 0.07, 'Residential': 0.51, 'Cropland and pasture': 0.42}"
0,10,3,2,11101,1,39.670945,-75.746879,WGS84,Suspended particulate (TSP),24 HOUR,,Observed Values,HI-VOL - GRAVIMETRIC,1980,Micrograms/cubic meter (25 C),No Events,60,98,Y,60,61,0,0,,,Certification not required,0,67.766667,29.249578999999997,141.0,1980-09-24 00:00,118.0,1980-06-26 00:00,116.0,1980-04-21 00:00,116.0,1980-05-15 00:00,,,,,141.0,118.0,116.0,106.0,93.0,69.0,31.0,,UNIV OF DEL EXPER FARM 521 S COLLEGE AVE,Delaware,New Castle,Newark,"Philadelphia-Camden-Wilmington, PA-NJ-DE-MD",2010-04-25,[ 39.670945 -75.746879],"{'Commercial and Services': 0.3, 'Residential': 0.16, 'Cropland and pasture': 0.54}"
1,10,3,2,42401,3,39.670945,-75.746879,WGS84,Sulfur dioxide,1 HOUR,SO2 1-hour 2010,Daily maximum 1-hour average,INSTRUMENTAL - FLAME PHOTOMETRIC,1980,Parts per billion,No Events,7277,83,N,300,366,0,0,4.0,,Certification not required,0,14.0,17.33016,90.0,1980-02-21 12:00,90.0,1980-04-07 16:00,80.0,1980-11-26 12:00,80.0,1980-12-29 13:00,,,,,80.0,70.0,50.0,40.0,20.0,10.0,0.0,,UNIV OF DEL EXPER FARM 521 S COLLEGE AVE,Delaware,New Castle,Newark,"Philadelphia-Camden-Wilmington, PA-NJ-DE-MD",2013-02-16,[ 39.670945 -75.746879],"{'Commercial and Services': 0.3, 'Residential': 0.16, 'Cropland and pasture': 0.54}"
2,10,3,2,42401,3,39.670945,-75.746879,WGS84,Sulfur dioxide,1 HOUR,SO2 Annual 1971,Observed Values,INSTRUMENTAL - FLAME PHOTOMETRIC,1980,Parts per billion,No Events,7277,83,N,300,366,0,0,,,Certification not required,0,2.436444,6.7884660000000006,90.0,1980-02-21 12:00,90.0,1980-04-07 16:00,80.0,1980-11-26 12:00,80.0,1980-12-29 13:00,,,,,30.0,20.0,10.0,10.0,0.0,0.0,0.0,,UNIV OF DEL EXPER FARM 521 S COLLEGE AVE,Delaware,New Castle,Newark,"Philadelphia-Camden-Wilmington, PA-NJ-DE-MD",2013-02-16,[ 39.670945 -75.746879],"{'Commercial and Services': 0.3, 'Residential': 0.16, 'Cropland and pasture': 0.54}"
3,10,3,2,42401,3,39.670945,-75.746879,WGS84,Sulfur dioxide,24-HR BLK AVG,SO2 24-hour 1971,Daily Average of observed values,,1980,Parts per billion,No Events,300,82,N,300,366,0,0,0.0,,Certification not required,0,2.513,3.754756,23.9,1980-12-23 00:00,20.0,1980-10-31 00:00,17.9,1980-12-08 00:00,16.5,1980-12-07 00:00,,,,,17.9,13.9,10.0,7.7,3.3,0.9,0.0,,UNIV OF DEL EXPER FARM 521 S COLLEGE AVE,Delaware,New Castle,Newark,"Philadelphia-Camden-Wilmington, PA-NJ-DE-MD",2013-02-16,[ 39.670945 -75.746879],"{'Commercial and Services': 0.3, 'Residential': 0.16, 'Cropland and pasture': 0.54}"
4,10,3,2,42401,3,39.670945,-75.746879,WGS84,Sulfur dioxide,3-HR BLK AVG,SO2 3-hour 1971,3-Hour block average of observed hourly values,,1980,Parts per billion,No Events,2284,78,N,294,366,0,0,,0.0,Certification not required,0,2.361384,5.616363,46.6,1980-12-16 02:00,43.3,1980-10-31 11:00,43.3,1980-12-08 11:00,43.3,1980-12-31 23:00,,,,,26.6,20.0,13.3,10.0,0.0,0.0,0.0,,UNIV OF DEL EXPER FARM 521 S COLLEGE AVE,Delaware,New Castle,Newark,"Philadelphia-Camden-Wilmington, PA-NJ-DE-MD",2013-02-16,[ 39.670945 -75.746879],"{'Commercial and Services': 0.3, 'Residential': 0.16, 'Cropland and pasture': 0.54}"
5,10,3,3,11101,1,39.233444,-75.73604300000001,WGS84,Suspended particulate (TSP),24 HOUR,,Observed Values,HI-VOL - GRAVIMETRIC,1980,Micrograms/cubic meter (25 C),No Events,49,80,Y,49,61,0,0,,,Certification not required,0,64.489796,30.217353000000003,140.0,1980-09-06 00:00,133.0,1980-06-02 00:00,129.0,1980-08-01 00:00,122.0,1980-07-02 00:00,,,,,140.0,140.0,129.0,108.0,83.0,60.0,33.0,,501 OGLETOWN ROAD,Delaware,New Castle,Newark,"Philadelphia-Camden-Wilmington, PA-NJ-DE-MD",2010-04-25,[ 39.233444 -75.736043],"{'Deciduous forest land': 0.69, 'Cropland and pasture': 0.31}"
6,10,3,6,11101,1,39.574834,-75.618261,WGS84,Suspended particulate (TSP),24 HOUR,,Observed Values,HI-VOL - GRAVIMETRIC,1980,Micrograms/cubic meter (25 C),No Events,59,97,Y,59,61,0,0,,,Certification not required,0,52.61016899999999,24.592554,171.0,1980-02-03 00:00,109.0,1980-01-22 00:00,89.0,1980-06-02 00:00,85.0,1980-05-27 00:00,,,,,171.0,109.0,89.0,82.0,59.0,47.0,30.0,,GOV BACON HEALTH CENTER (DELAWARE CITY),Delaware,New Castle,Not in a city,"Philadelphia-Camden-Wilmington, PA-NJ-DE-MD",2010-04-25,[ 39.574834 -75.618261],"{'Cropland and pasture': 0.66, 'Nonforested wetland': 0.34}"
7,10,3,6,42401,3,39.574834,-75.618261,WGS84,Sulfur dioxide,1 HOUR,SO2 1-hour 2010,Daily maximum 1-hour average,INSTRUMENTAL - FLAME PHOTOMETRIC,1980,Parts per billion,No Events,7602,87,Y,317,366,0,0,35.0,,Certification not required,0,30.157728999999996,34.434496,190.0,1980-09-15 16:00,180.0,1980-02-26 13:00,170.0,1980-01-30 11:00,170.0,1980-04-11 16:00,,,,,170.0,150.0,100.0,80.0,40.0,20.0,0.0,,GOV BACON HEALTH CENTER (DELAWARE CITY),Delaware,New Castle,Not in a city,"Philadelphia-Camden-Wilmington, PA-NJ-DE-MD",2013-02-16,[ 39.574834 -75.618261],"{'Cropland and pasture': 0.66, 'Nonforested wetland': 0.34}"
8,10,3,6,42401,3,39.574834,-75.618261,WGS84,Sulfur dioxide,1 HOUR,SO2 Annual 1971,Observed Values,INSTRUMENTAL - FLAME PHOTOMETRIC,1980,Parts per billion,No Events,7602,87,Y,317,366,0,0,,,Certification not required,0,6.1339120000000005,13.730906,190.0,1980-09-15 16:00,180.0,1980-02-26 13:00,170.0,1980-01-30 11:00,170.0,1980-04-11 16:00,,,,,60.0,50.0,30.0,20.0,10.0,0.0,0.0,,GOV BACON HEALTH CENTER (DELAWARE CITY),Delaware,New Castle,Not in a city,"Philadelphia-Camden-Wilmington, PA-NJ-DE-MD",2013-02-16,[ 39.574834 -75.618261],"{'Cropland and pasture': 0.66, 'Nonforested wetland': 0.34}"
9,10,3,6,42401,3,39.574834,-75.618261,WGS84,Sulfur dioxide,24-HR BLK AVG,SO2 24-hour 1971,Daily Average of observed values,,1980,Parts per billion,No Events,317,87,Y,317,366,0,0,0.0,,Certification not required,0,6.07918,7.192124000000001,47.5,1980-09-26 00:00,40.0,1980-12-27 00:00,34.2,1980-12-28 00:00,32.2,1980-01-30 00:00,,,,,32.2,27.4,20.8,15.7,9.1,3.9,0.0,,GOV BACON HEALTH CENTER (DELAWARE CITY),Delaware,New Castle,Not in a city,"Philadelphia-Camden-Wilmington, PA-NJ-DE-MD",2013-02-16,[ 39.574834 -75.618261],"{'Cropland and pasture': 0.66, 'Nonforested wetland': 0.34}"
10,10,3,6,42401,3,39.574834,-75.618261,WGS84,Sulfur dioxide,3-HR BLK AVG,SO2 3-hour 1971,3-Hour block average of observed hourly values,,1980,Parts per billion,No Events,2379,81,Y,307,366,0,0,,0.0,Certification not required,0,5.984405000000001,11.574142,150.0,1980-09-26 11:00,90.0,1980-10-16 14:00,86.6,1980-01-30 05:00,83.3,1980-09-26 14:00,,,,,56.6,43.3,30.0,16.6,10.0,0.0,0.0,,GOV BACON HEALTH CENTER (DELAWARE CITY),Delaware,New Castle,Not in a city,"Philadelphia-Camden-Wilmington, PA-NJ-DE-MD",2013-02-16,[ 39.574834 -75.618261],"{'Cropland and pasture': 0.66, 'Nonforested wetland': 0.34}"
11,10,3,10,11101,1,39.70789,-75.685764,WGS84,Suspended particulate (TSP),24 HOUR,,Observed Values,HI-VOL - GRAVIMETRIC,1980,Micrograms/cubic meter (25 C),No Events,60,98,Y,60,61,0,0,,,Certification not required,0,51.266667,17.582606,95.0,1980-06-02 00:00,91.0,1980-12-23 00:00,86.0,1980-01-10 00:00,74.0,1980-02-15 00:00,,,,,95.0,91.0,86.0,74.0,63.0,51.0,29.0,,N C COUNTY ENGINEERING BLDG (KIRKWOOD),Delaware,New Castle,Not in a city,"Philadelphia-Camden-Wilmington, PA-NJ-DE-MD",2010-04-25,[ 39.70789  -75.685764],"{'Commercial and Services': 0.26732673267326734, 'Residential': 0.6237623762376238, 'Other urban or built-up land': 0.009900990099009901, 'Cropland and pasture': 0.09900990099009901}"
12,10,3,10,42101,1,39.70789,-75.685764,WGS84,Carbon monoxide,1 HOUR,CO 1-hour 1971,Obseved hourly values,INSTRUMENTAL - NONDISPERSIVE INFRARED,1980,Parts per million,No Events,6262,71,N,252,366,0,0,0.0,0.0,Certification not required,0,1.009901,1.396563,12.0,1980-08-06 16:00,11.0,1980-06-25 14:00,10.0,1980-06-25 13:00,10.0,1980-06-25 15:00,,,,,6.0,5.0,4.0,3.0,1.0,1.0,0.0,,N C COUNTY ENGINEERING BLDG (KIRKWOOD),Delaware,New Castle,Not in a city,"Philadelphia-Camden-Wilmington, PA-NJ-DE-MD",2016-04-06,[ 39.70789  -75.685764],"{'Commercial and Services': 0.26732673267326734, 'Residential': 0.6237623762376238, 'Other urban or built-up land': 0.009900990099009901, 'Cropland and pasture': 0.09900990099009901}"
13,10,3,10,42101,1,39.70789,-75.685764,WGS84,Carbon monoxide,8-HR RUN AVG END HOUR,CO 8-hour 1971,8-Hour running average (end hour) of observed hourly values,,1980,Parts per million,No Events,6403,73,Y,249,366,0,0,0.0,0.0,Certification not required,0,1.015462,1.124041,8.9,1980-06-25 19:00,8.6,1980-06-25 18:00,8.5,1980-06-25 17:00,8.1,1980-06-25 20:00,8.9,1980-06-25 19:00,7.1,1980-08-10 19:00,5.3,4.3,3.1,2.4,1.4,0.8,0.0,,N C COUNTY ENGINEERING BLDG (KIRKWOOD),Delaware,New Castle,Not in a city,"Philadelphia-Camden-Wilmington, PA-NJ-DE-MD",2016-04-06,[ 39.70789  -75.685764],"{'Commercial and Services': 0.26732673267326734, 'Residential': 0.6237623762376238, 'Other urban or built-up land': 0.009900990099009901, 'Cropland and pasture': 0.09900990099009901}"
14,10,3,70,44201,1,39.533167999999996,-75.686042,WGS84,Ozone,1 HOUR,Ozone 1-hour Daily 2005,Daily maxima of observed hourly values (between 9:00 AM and 8:00 PM),INSTRUMENTAL - CHEMILUMINESCENCE,1980,Parts per million,No Events,1505,29,N,62,214,0,0,5.0,5.0,Certification not required,0,0.081613,0.033052,0.17,1980-06-13 16:00,0.17,1980-07-16 15:00,0.15,1980-06-14 20:00,0.15,1980-07-17 17:00,,,,,0.17,0.17,0.15,0.12,0.1,0.08,0.04,,LOREWOOD GROVE RD SUMMIT DEL,Delaware,New Castle,Not in a city,"Philadelphia-Camden-Wilmington, PA-NJ-DE-MD",2016-08-18,[ 39.533168 -75.686042],"{'Cropland and pasture': 0.94, 'Deciduous forest land': 0.06}"
15,10,3,70,44201,1,39.533167999999996,-75.686042,WGS84,Ozone,8-HR RUN AVG BEGIN HOUR,Ozone 8-Hour 1997,Daily maximum of 8 hour running average of observed hourly values,,1980,Parts per million,No Events,1495,29,N,62,214,0,0,12.0,12.0,Certification not required,0,0.066903,0.023413,0.132,1980-06-14 16:00,0.11800000000000001,1980-06-15 10:00,0.11,1980-06-13 13:00,0.11,1980-08-08 13:00,,,,,0.132,0.11800000000000001,0.11,0.096,0.081,0.065,0.038,,LOREWOOD GROVE RD SUMMIT DEL,Delaware,New Castle,Not in a city,"Philadelphia-Camden-Wilmington, PA-NJ-DE-MD",2016-08-18,[ 39.533168 -75.686042],"{'Cropland and pasture': 0.94, 'Deciduous forest land': 0.06}"
16,10,3,70,44201,1,39.533167999999996,-75.686042,WGS84,Ozone,8-HR RUN AVG BEGIN HOUR,Ozone 8-Hour 2008,Daily maximum of 8 hour running average of observed hourly values,,1980,Parts per million,No Events,1495,29,N,62,214,0,0,24.0,24.0,Certification not required,0,0.066903,0.023413,0.132,1980-06-14 16:00,0.11800000000000001,1980-06-15 10:00,0.11,1980-06-13 13:00,0.11,1980-08-08 13:00,,,,,0.132,0.11800000000000001,0.11,0.096,0.081,0.065,0.038,,LOREWOOD GROVE RD SUMMIT DEL,Delaware,New Castle,Not in a city,"Philadelphia-Camden-Wilmington, PA-NJ-DE-MD",2016-08-18,[ 39.533168 -75.686042],"{'Cropland and pasture': 0.94, 'Deciduous forest land': 0.06}"
17,10,3,70,44201,1,39.533167999999996,-75.686042,WGS84,Ozone,8-HR RUN AVG BEGIN HOUR,Ozone 8-hour 2015,Daily maximum of 8-hour running average,,1980,Parts per million,No Events,1057,29,N,62,214,0,0,27.0,27.0,Certification not required,0,0.06643500000000001,0.023858,0.132,1980-06-14 16:00,0.11800000000000001,1980-06-15 10:00,0.11,1980-06-13 13:00,0.11,1980-08-08 13:00,,,,,0.132,0.11800000000000001,0.11,0.096,0.081,0.065,0.038,,LOREWOOD GROVE RD SUMMIT DEL,Delaware,New Castle,Not in a city,"Philadelphia-Camden-Wilmington, PA-NJ-DE-MD",2016-08-18,[ 39.533168 -75.686042],"{'Cropland and pasture': 0.94, 'Deciduous forest land': 0.06}"
18,10,3,1003,11101,1,39.761111,-75.49194399999999,WGS84,Suspended particulate (TSP),24 HOUR,,Observed Values,HI-VOL - GRAVIMETRIC,1980,Micrograms/cubic meter (25 C),No Events,58,95,Y,58,61,0,0,,,Certification not required,0,74.189655,30.499615999999996,164.0,1980-09-12 00:00,132.0,1980-09-30 00:00,131.0,1980-09-06 00:00,128.0,1980-08-25 00:00,,,,,164.0,132.0,131.0,121.0,90.0,72.0,33.0,Bellefonte River Road Park,"RIVER ROAD PARK, BELLEFONTE",Delaware,New Castle,,"Philadelphia-Camden-Wilmington, PA-NJ-DE-MD",2010-04-25,[ 39.761111 -75.491944],"{'Commercial and Services': 0.24, 'Residential': 0.3, 'Bays and estuaries': 0.04, 'Nonforested wetland': 0.15, 'Transitional areas': 0.27}"
19,10,3,1003,42401,3,39.761111,-75.49194399999999,WGS84,Sulfur dioxide,1 HOUR,SO2 1-hour 2010,Daily maximum 1-hour average,INSTRUMENTAL - FLAME PHOTOMETRIC,1980,Parts per billion,No Events,6173,70,N,255,366,0,0,7.0,,Certification not required,0,20.823529,21.747211,110.0,1980-12-22 10:00,100.0,1980-02-20 11:00,90.0,1980-09-05 16:00,90.0,1980-12-24 10:00,,,,,90.0,80.0,70.0,50.0,30.0,10.0,0.0,Bellefonte River Road Park,"RIVER ROAD PARK, BELLEFONTE",Delaware,New Castle,,"Philadelphia-Camden-Wilmington, PA-NJ-DE-MD",2013-02-16,[ 39.761111 -75.491944],"{'Commercial and Services': 0.24, 'Residential': 0.3, 'Bays and estuaries': 0.04, 'Nonforested wetland': 0.15, 'Transitional areas': 0.27}"
20,10,3,1003,42401,3,39.761111,-75.49194399999999,WGS84,Sulfur dioxide,1 HOUR,SO2 Annual 1971,Observed Values,INSTRUMENTAL - FLAME PHOTOMETRIC,1980,Parts per billion,No Events,6173,70,N,255,366,0,0,,,Certification not required,0,4.432205000000001,9.545189,110.0,1980-12-22 10:00,100.0,1980-02-20 11:00,90.0,1980-09-05 16:00,90.0,1980-12-24 10:00,,,,,50.0,30.0,20.0,10.0,10.0,0.0,0.0,Bellefonte River Road Park,"RIVER ROAD PARK, BELLEFONTE",Delaware,New Castle,,"Philadelphia-Camden-Wilmington, PA-NJ-DE-MD",2013-02-16,[ 39.761111 -75.491944],"{'Commercial and Services': 0.24, 'Residential': 0.3, 'Bays and estuaries': 0.04, 'Nonforested wetland': 0.15, 'Transitional areas': 0.27}"
21,10,3,1003,42401,3,39.761111,-75.49194399999999,WGS84,Sulfur dioxide,24-HR BLK AVG,SO2 24-hour 1971,Daily Average of observed values,,1980,Parts per billion,No Events,255,70,N,255,366,0,0,0.0,,Certification not required,0,4.480784,5.554999,36.1,1980-01-14 00:00,31.3,1980-12-07 00:00,25.7,1980-02-20 00:00,24.1,1980-12-27 00:00,,,,,25.7,21.7,14.5,10.9,6.5,2.9,0.0,Bellefonte River Road Park,"RIVER ROAD PARK, BELLEFONTE",Delaware,New Castle,,"Philadelphia-Camden-Wilmington, PA-NJ-DE-MD",2013-02-16,[ 39.761111 -75.491944],"{'Commercial and Services': 0.24, 'Residential': 0.3, 'Bays and estuaries': 0.04, 'Nonforested wetland': 0.15, 'Transitional areas': 0.27}"
22,10,3,1003,42401,3,39.761111,-75.49194399999999,WGS84,Sulfur dioxide,3-HR BLK AVG,SO2 3-hour 1971,3-Hour block average of observed hourly values,,1980,Parts per billion,No Events,1914,65,N,247,366,0,0,,0.0,Certification not required,0,4.181451999999999,8.004924,60.0,1980-12-08 14:00,56.6,1980-01-14 02:00,56.6,1980-01-14 05:00,56.6,1980-01-14 11:00,,,,,36.6,30.0,20.0,13.3,6.6,0.0,0.0,Bellefonte River Road Park,"RIVER ROAD PARK, BELLEFONTE",Delaware,New Castle,,"Philadelphia-Camden-Wilmington, PA-NJ-DE-MD",2013-02-16,[ 39.761111 -75.491944],"{'Commercial and Services': 0.24, 'Residential': 0.3, 'Bays and estuaries': 0.04, 'Nonforested wetland': 0.15, 'Transitional areas': 0.27}"
23,10,3,1003,44201,1,39.761111,-75.49194399999999,WGS84,Ozone,1 HOUR,Ozone 1-hour Daily 2005,Daily maxima of observed hourly values (between 9:00 AM and 8:00 PM),INSTRUMENTAL - CHEMILUMINESCENCE,1980,Parts per million,No Events,6283,87,Y,187,214,0,0,5.0,5.0,Certification not required,0,0.05615,0.029514999999999996,0.19,1980-07-16 16:00,0.16,1980-07-10 14:00,0.15,1980-07-21 16:00,0.14,1980-07-20 17:00,,,,,0.16,0.14,0.11,0.09,0.07,0.05,0.04,Bellefonte River Road Park,"RIVER ROAD PARK, BELLEFONTE",Delaware,New Castle,,"Philadelphia-Camden-Wilmington, PA-NJ-DE-MD",2016-08-18,[ 39.761111 -75.491944],"{'Commercial and Services': 0.24, 'Residential': 0.3, 'Bays and estuaries': 0.04, 'Nonforested wetland': 0.15, 'Transitional areas': 0.27}"
24,10,3,1003,44201,1,39.761111,-75.49194399999999,WGS84,Ozone,8-HR RUN AVG BEGIN HOUR,Ozone 8-Hour 1997,Daily maximum of 8 hour running average of observed hourly values,,1980,Parts per million,No Events,6365,82,Y,175,214,0,0,14.0,14.0,Certification not required,0,0.045217,0.023369,0.122,1980-07-10 12:00,0.121,1980-07-21 10:00,0.114,1980-07-16 11:00,0.10099999999999999,1980-07-20 12:00,,,,,0.121,0.10099999999999999,0.08800000000000001,0.078,0.057,0.042,0.027999999999999997,Bellefonte River Road Park,"RIVER ROAD PARK, BELLEFONTE",Delaware,New Castle,,"Philadelphia-Camden-Wilmington, PA-NJ-DE-MD",2016-08-18,[ 39.761111 -75.491944],"{'Commercial and Services': 0.24, 'Residential': 0.3, 'Bays and estuaries': 0.04, 'Nonforested wetland': 0.15, 'Transitional areas': 0.27}"
25,10,3,1003,44201,1,39.761111,-75.49194399999999,WGS84,Ozone,8-HR RUN AVG BEGIN HOUR,Ozone 8-Hour 2008,Daily maximum of 8 hour running average of observed hourly values,,1980,Parts per million,No Events,6365,82,Y,176,214,0,0,22.0,22.0,Certification not required,0,0.045432,0.023475,0.122,1980-07-10 12:00,0.121,1980-07-21 10:00,0.114,1980-07-16 11:00,0.10099999999999999,1980-07-20 12:00,,,,,0.121,0.10099999999999999,0.08800000000000001,0.08,0.057,0.042,0.027999999999999997,Bellefonte River Road Park,"RIVER ROAD PARK, BELLEFONTE",Delaware,New Castle,,"Philadelphia-Camden-Wilmington, PA-NJ-DE-MD",2016-08-18,[ 39.761111 -75.491944],"{'Commercial and Services': 0.24, 'Residential': 0.3, 'Bays and estuaries': 0.04, 'Nonforested wetland': 0.15, 'Transitional areas': 0.27}"
26,10,3,1003,44201,1,39.761111,-75.49194399999999,WGS84,Ozone,8-HR RUN AVG BEGIN HOUR,Ozone 8-hour 2015,Daily maximum of 8-hour running average,,1980,Parts per million,No Events,4531,86,Y,183,214,0,0,25.0,25.0,Certification not required,0,0.044355,0.024069999999999998,0.122,1980-07-10 12:00,0.121,1980-07-21 10:00,0.114,1980-07-16 11:00,0.10099999999999999,1980-07-20 12:00,,,,,0.121,0.10099999999999999,0.08800000000000001,0.078,0.057,0.042,0.027999999999999997,Bellefonte River Road Park,"RIVER ROAD PARK, BELLEFONTE",Delaware,New Castle,,"Philadelphia-Camden-Wilmington, PA-NJ-DE-MD",2016-08-18,[ 39.761111 -75.491944],"{'Commercial and Services': 0.24, 'Residential': 0.3, 'Bays and estuaries': 0.04, 'Nonforested wetland': 0.15, 'Transitional areas': 0.27}"
27,10,3,1004,42401,1,39.716128000000005,-75.52768,WGS84,Sulfur dioxide,1 HOUR,SO2 1-hour 2010,Daily maximum 1-hour average,INSTRUMENTAL - FLAME PHOTOMETRIC,1980,Parts per billion,No Events,1706,19,N,71,366,0,0,6.0,,Certification not required,0,31.267606,25.010259,110.0,1980-03-03 10:00,90.0,1980-02-06 15:00,80.0,1980-01-25 17:00,80.0,1980-02-20 11:00,,,,,120.0,110.0,80.0,70.0,40.0,30.0,10.0,,MARINE TERMINAL LUMBER ROAD,Delaware,New Castle,Wilmington,"Philadelphia-Camden-Wilmington, PA-NJ-DE-MD",2013-02-16,[ 39.716128 -75.52768 ],"{'Industrial': 0.95, 'Nonforested wetland': 0.05}"
28,10,3,1004,42401,1,39.716128000000005,-75.52768,WGS84,Sulfur dioxide,1 HOUR,SO2 Annual 1971,Observed Values,INSTRUMENTAL - FLAME PHOTOMETRIC,1980,Parts per billion,No Events,1706,19,N,71,366,0,0,,,Certification not required,0,9.484174000000001,13.843407000000001,120.0,1980-02-19 12:00,110.0,1980-03-03 10:00,90.0,1980-02-06 15:00,90.0,1980-02-19 13:00,,,,,70.0,50.0,40.0,20.0,10.0,10.0,0.0,,MARINE TERMINAL LUMBER ROAD,Delaware,New Castle,Wilmington,"Philadelphia-Camden-Wilmington, PA-NJ-DE-MD",2013-02-16,[ 39.716128 -75.52768 ],"{'Industrial': 0.95, 'Nonforested wetland': 0.05}"
29,10,3,1004,42401,1,39.716128000000005,-75.52768,WGS84,Sulfur dioxide,24-HR BLK AVG,SO2 24-hour 1971,Daily Average of observed values,,1980,Parts per billion,No Events,71,19,N,71,366,0,0,0.0,,Certification not required,0,9.526761,8.835075999999999,44.5,1980-02-06 00:00,37.3,1980-01-25 00:00,29.1,1980-03-17 00:00,25.8,1980-02-15 00:00,,,,,44.5,37.3,25.8,22.2,12.1,7.6,0.5,,MARINE TERMINAL LUMBER ROAD,Delaware,New Castle,Wilmington,"Philadelphia-Camden-Wilmington, PA-NJ-DE-MD",2013-02-16,[ 39.716128 -75.52768 ],"{'Industrial': 0.95, 'Nonforested wetland': 0.05}"
30,10,3,1004,42401,1,39.716128000000005,-75.52768,WGS84,Sulfur dioxide,3-HR BLK AVG,SO2 3-hour 1971,3-Hour block average of observed hourly values,,1980,Parts per billion,No Events,526,18,N,67,366,0,0,,0.0,Certification not required,0,9.170913,12.145123,100.0,1980-02-19 14:00,73.3,1980-02-06 17:00,70.0,1980-01-25 17:00,70.0,1980-02-06 20:00,,,,,63.3,43.3,30.0,23.3,13.3,6.6,0.0,,MARINE TERMINAL LUMBER ROAD,Delaware,New Castle,Wilmington,"Philadelphia-Camden-Wilmington, PA-NJ-DE-MD",2013-02-16,[ 39.716128 -75.52768 ],"{'Industrial': 0.95, 'Nonforested wetland': 0.05}"
31,10,3,1005,11101,1,39.761502,-75.57881400000001,WGS84,Suspended particulate (TSP),24 HOUR,,Observed Values,HI-VOL - GRAVIMETRIC,1980,Micrograms/cubic meter (25 C),No Events,34,56,N,34,61,0,0,,,Certification not required,0,58.147059,16.920728,90.0,1980-07-02 00:00,83.0,1980-09-12 00:00,80.0,1980-08-01 00:00,79.0,1980-06-02 00:00,,,,,90.0,90.0,83.0,79.0,72.0,61.0,38.0,,2600 PENNSYLVANIA AVE,Delaware,New Castle,Wilmington,"Philadelphia-Camden-Wilmington, PA-NJ-DE-MD",2010-04-25,[ 39.761502 -75.578814],"{'Commercial and Services': 0.2, 'Residential': 0.2, 'Other urban or built-up land': 0.6}"
32,10,3,2001,11101,1,39.631223,-75.613538,WGS84,Suspended particulate (TSP),24 HOUR,,Observed Values,HI-VOL - GRAVIMETRIC,1980,Micrograms/cubic meter (25 C),No Events,61,100,Y,61,61,0,0,,,Certification not required,0,62.590164,20.997124,132.0,1980-12-23 00:00,103.0,1980-08-25 00:00,98.0,1980-08-01 00:00,91.0,1980-09-12 00:00,,,,,132.0,103.0,91.0,86.0,76.0,64.0,40.0,,ROUTE 9 OMMELANDEN RIFLE RANGE,Delaware,New Castle,New Castle,"Philadelphia-Camden-Wilmington, PA-NJ-DE-MD",2010-04-25,[ 39.631223 -75.613538],"{'Commercial and Services': 0.11, 'Cropland and pasture': 0.69, 'Nonforested wetland': 0.14, 'Evergreen forest land': 0.06}"
33,10,3,2001,42401,1,39.631223,-75.613538,WGS84,Sulfur dioxide,1 HOUR,SO2 1-hour 2010,Daily maximum 1-hour average,INSTRUMENTAL - FLAME PHOTOMETRIC,1980,Parts per billion,No Events,7607,87,Y,315,366,0,0,8.0,,Certification not required,0,18.095238000000002,20.998722,140.0,1980-09-03 15:00,130.0,1980-08-18 02:00,120.0,1980-10-18 16:00,80.0,1980-03-27 11:00,,,,,80.0,80.0,60.0,40.0,20.0,10.0,0.0,,ROUTE 9 OMMELANDEN RIFLE RANGE,Delaware,New Castle,New Castle,"Philadelphia-Camden-Wilmington, PA-NJ-DE-MD",2013-02-16,[ 39.631223 -75.613538],"{'Commercial and Services': 0.11, 'Cropland and pasture': 0.69, 'Nonforested wetland': 0.14, 'Evergreen forest land': 0.06}"
34,10,3,2001,42401,1,39.631223,-75.613538,WGS84,Sulfur dioxide,1 HOUR,SO2 Annual 1971,Observed Values,INSTRUMENTAL - FLAME PHOTOMETRIC,1980,Parts per billion,No Events,7607,87,Y,315,366,0,0,,,Certification not required,0,3.133956,8.259580999999999,140.0,1980-09-03 15:00,130.0,1980-08-18 02:00,120.0,1980-10-18 16:00,90.0,1980-10-18 17:00,,,,,40.0,30.0,20.0,10.0,0.0,0.0,0.0,,ROUTE 9 OMMELANDEN RIFLE RANGE,Delaware,New Castle,New Castle,"Philadelphia-Camden-Wilmington, PA-NJ-DE-MD",2013-02-16,[ 39.631223 -75.613538],"{'Commercial and Services': 0.11, 'Cropland and pasture': 0.69, 'Nonforested wetland': 0.14, 'Evergreen forest land': 0.06}"
35,10,3,2001,42401,1,39.631223,-75.613538,WGS84,Sulfur dioxide,24-HR BLK AVG,SO2 24-hour 1971,Daily Average of observed values,,1980,Parts per billion,No Events,315,86,Y,315,366,0,0,0.0,,Certification not required,0,3.129206,4.64709,38.2,1980-01-25 00:00,30.4,1980-01-14 00:00,24.5,1980-01-04 00:00,21.7,1980-01-05 00:00,,,,,21.7,17.8,11.7,7.5,4.6,1.7,0.0,,ROUTE 9 OMMELANDEN RIFLE RANGE,Delaware,New Castle,New Castle,"Philadelphia-Camden-Wilmington, PA-NJ-DE-MD",2013-02-16,[ 39.631223 -75.613538],"{'Commercial and Services': 0.11, 'Cropland and pasture': 0.69, 'Nonforested wetland': 0.14, 'Evergreen forest land': 0.06}"
36,10,3,2001,42401,1,39.631223,-75.613538,WGS84,Sulfur dioxide,3-HR BLK AVG,SO2 3-hour 1971,3-Hour block average of observed hourly values,,1980,Parts per billion,No Events,2401,82,Y,309,366,0,0,,0.0,Certification not required,0,3.032403,6.879693,73.3,1980-10-18 17:00,63.3,1980-12-23 11:00,60.0,1980-01-05 02:00,56.6,1980-01-25 17:00,,,,,30.0,23.3,16.6,10.0,3.3,0.0,0.0,,ROUTE 9 OMMELANDEN RIFLE RANGE,Delaware,New Castle,New Castle,"Philadelphia-Camden-Wilmington, PA-NJ-DE-MD",2013-02-16,[ 39.631223 -75.613538],"{'Commercial and Services': 0.11, 'Cropland and pasture': 0.69, 'Nonforested wetland': 0.14, 'Evergreen forest land': 0.06}"
37,10,3,2002,12128,4,39.757891,-75.54603399999999,WGS84,Lead (TSP) STP,24 HOUR,Lead Quarterly 1978,Observed Values,HI-VOL - ATOMIC ABSORPTION,1980,Micrograms/cubic meter (25 C),No Events,46,75,N,44,61,0,0,,,Certification not required,0,0.521783,0.278453,1.25,1980-01-16 00:00,1.175,1980-02-21 00:00,1.15,1980-03-04 00:00,0.9890000000000001,1980-01-04 00:00,,,,,1.25,1.25,1.15,0.937,0.677,0.479,0.19,,UITH & KING STREETS WILMINGTON DEL,Delaware,New Castle,Wilmington,"Philadelphia-Camden-Wilmington, PA-NJ-DE-MD",2015-07-22,[ 39.757891 -75.546034],"{'Commercial and Services': 0.11, 'Residential': 0.6, 'Other urban or built-up land': 0.19, 'Transportation, communications and services': 0.1}"
38,10,3,2002,42101,1,39.757891,-75.54603399999999,WGS84,Carbon monoxide,1 HOUR,CO 1-hour 1971,Obseved hourly values,INSTRUMENTAL - NONDISPERSIVE INFRARED,1980,Parts per million,No Events,7904,90,Y,328,366,0,0,0.0,0.0,Certification not required,0,1.63044,1.2975370000000002,12.0,1980-01-16 18:00,11.0,1980-01-08 18:00,11.0,1980-12-08 09:00,10.0,1980-12-01 18:00,,,,,6.0,5.0,4.0,3.0,2.0,1.0,0.0,,UITH & KING STREETS WILMINGTON DEL,Delaware,New Castle,Wilmington,"Philadelphia-Camden-Wilmington, PA-NJ-DE-MD",2016-04-06,[ 39.757891 -75.546034],"{'Commercial and Services': 0.11, 'Residential': 0.6, 'Other urban or built-up land': 0.19, 'Transportation, communications and services': 0.1}"
39,10,3,2002,42101,1,39.757891,-75.54603399999999,WGS84,Carbon monoxide,8-HR RUN AVG END HOUR,CO 8-hour 1971,8-Hour running average (end hour) of observed hourly values,,1980,Parts per million,No Events,8028,91,Y,326,366,0,0,0.0,0.0,Certification not required,0,1.643398,1.032769,7.9,1980-12-01 23:00,7.9,1980-12-02 00:00,7.5,1980-01-08 22:00,7.4,1980-12-01 22:00,7.9,1980-12-01 23:00,7.5,1980-01-08 22:00,5.1,4.4,3.6,2.9,2.1,1.4,0.5,,UITH & KING STREETS WILMINGTON DEL,Delaware,New Castle,Wilmington,"Philadelphia-Camden-Wilmington, PA-NJ-DE-MD",2016-04-06,[ 39.757891 -75.546034],"{'Commercial and Services': 0.11, 'Residential': 0.6, 'Other urban or built-up land': 0.19, 'Transportation, communications and services': 0.1}"
40,10,3,2002,42401,1,39.757891,-75.54603399999999,WGS84,Sulfur dioxide,1 HOUR,SO2 1-hour 2010,Daily maximum 1-hour average,INSTRUMENTAL - FLAME PHOTOMETRIC,1980,Parts per billion,No Events,7597,86,Y,316,366,0,0,30.0,,Certification not required,0,36.075949,28.593159999999997,170.0,1980-10-08 01:00,150.0,1980-10-31 06:00,140.0,1980-11-14 06:00,120.0,1980-02-14 02:00,,,,,120.0,110.0,100.0,70.0,50.0,30.0,10.0,,UITH & KING STREETS WILMINGTON DEL,Delaware,New Castle,Wilmington,"Philadelphia-Camden-Wilmington, PA-NJ-DE-MD",2013-02-16,[ 39.757891 -75.546034],"{'Commercial and Services': 0.11, 'Residential': 0.6, 'Other urban or built-up land': 0.19, 'Transportation, communications and services': 0.1}"
41,10,3,2002,42401,1,39.757891,-75.54603399999999,WGS84,Sulfur dioxide,1 HOUR,SO2 Annual 1971,Observed Values,INSTRUMENTAL - FLAME PHOTOMETRIC,1980,Parts per billion,No Events,7597,86,Y,316,366,0,0,,,Certification not required,0,11.205739,15.187764000000001,170.0,1980-10-08 01:00,150.0,1980-10-31 06:00,140.0,1980-11-14 06:00,120.0,1980-02-14 02:00,,,,,70.0,60.0,40.0,30.0,10.0,10.0,0.0,,UITH & KING STREETS WILMINGTON DEL,Delaware,New Castle,Wilmington,"Philadelphia-Camden-Wilmington, PA-NJ-DE-MD",2013-02-16,[ 39.757891 -75.546034],"{'Commercial and Services': 0.11, 'Residential': 0.6, 'Other urban or built-up land': 0.19, 'Transportation, communications and services': 0.1}"
42,10,3,2002,42401,1,39.757891,-75.54603399999999,WGS84,Sulfur dioxide,24-HR BLK AVG,SO2 24-hour 1971,Daily Average of observed values,,1980,Parts per billion,No Events,316,86,Y,316,366,0,0,0.0,,Certification not required,0,11.195886,10.049380000000001,58.3,1980-02-14 00:00,50.0,1980-02-11 00:00,49.6,1980-10-31 00:00,48.3,1980-11-14 00:00,,,,,48.3,41.7,32.1,25.5,14.3,8.5,1.7,,UITH & KING STREETS WILMINGTON DEL,Delaware,New Castle,Wilmington,"Philadelphia-Camden-Wilmington, PA-NJ-DE-MD",2013-02-16,[ 39.757891 -75.546034],"{'Commercial and Services': 0.11, 'Residential': 0.6, 'Other urban or built-up land': 0.19, 'Transportation, communications and services': 0.1}"
43,10,3,2002,42401,1,39.757891,-75.54603399999999,WGS84,Sulfur dioxide,3-HR BLK AVG,SO2 3-hour 1971,3-Hour block average of observed hourly values,,1980,Parts per billion,No Events,2368,81,N,305,366,0,0,,0.0,Certification not required,0,11.068201,13.798701999999999,116.6,1980-11-14 08:00,113.3,1980-10-08 02:00,110.0,1980-02-14 02:00,110.0,1980-10-31 08:00,,,,,66.6,53.3,36.6,26.6,13.3,10.0,0.0,,UITH & KING STREETS WILMINGTON DEL,Delaware,New Castle,Wilmington,"Philadelphia-Camden-Wilmington, PA-NJ-DE-MD",2013-02-16,[ 39.757891 -75.546034],"{'Commercial and Services': 0.11, 'Residential': 0.6, 'Other urban or built-up land': 0.19, 'Transportation, communications and services': 0.1}"
44,10,3,2002,42602,2,39.757891,-75.54603399999999,WGS84,Nitrogen dioxide (NO2),1 HOUR,NO2 1-hour,Daily Maximum 1-hour average,INSTRUMENTAL - CHEMILUMINESCENCE,1980,Parts per billion,No Events,7708,88,Y,318,366,0,0,23.0,,Certification not required,0,60.377357999999994,30.863222999999998,200.0,1980-08-28 08:00,200.0,1980-09-11 13:00,190.0,1980-08-13 12:00,180.0,1980-08-27 22:00,,,,,180.0,160.0,120.0,100.0,70.0,50.0,30.0,,UITH & KING STREETS WILMINGTON DEL,Delaware,New Castle,Wilmington,"Philadelphia-Camden-Wilmington, PA-NJ-DE-MD",2013-05-16,[ 39.757891 -75.546034],"{'Commercial and Services': 0.11, 'Residential': 0.6, 'Other urban or built-up land': 0.19, 'Transportation, communications and services': 0.1}"
45,10,3,2002,42602,2,39.757891,-75.54603399999999,WGS84,Nitrogen dioxide (NO2),1 HOUR,NO2 Annual 1971,Observed values,INSTRUMENTAL - CHEMILUMINESCENCE,1980,Parts per billion,No Events,7708,88,Y,318,366,0,0,,,Certification not required,0,34.320187,20.200557,200.0,1980-08-28 08:00,200.0,1980-09-11 13:00,190.0,1980-08-13 12:00,180.0,1980-08-13 13:00,,,,,110.0,90.0,70.0,60.0,40.0,30.0,10.0,,UITH & KING STREETS WILMINGTON DEL,Delaware,New Castle,Wilmington,"Philadelphia-Camden-Wilmington, PA-NJ-DE-MD",2013-05-16,[ 39.757891 -75.546034],"{'Commercial and Services': 0.11, 'Residential': 0.6, 'Other urban or built-up land': 0.19, 'Transportation, communications and services': 0.1}"
46,10,3,3001,11101,1,39.812335,-75.455196,WGS84,Suspended particulate (TSP),24 HOUR,,Observed Values,HI-VOL - GRAVIMETRIC,1980,Micrograms/cubic meter (25 C),No Events,61,100,Y,61,61,0,0,,,Certification not required,0,74.065574,26.884239,169.0,1980-01-28 00:00,122.0,1980-10-24 00:00,116.0,1980-09-12 00:00,110.0,1980-08-25 00:00,,,,,169.0,122.0,110.0,108.0,93.0,73.0,43.0,,WOODS HAVEN-KRUSE SCHOOL (CLAYMONT),Delaware,New Castle,Not in a city,"Philadelphia-Camden-Wilmington, PA-NJ-DE-MD",2010-04-25,[ 39.812335 -75.455196],"{'Commercial and Services': 0.16, 'Residential': 0.27, 'Industrial': 0.15, 'Transportation, communications and services': 0.41, 'Transitional areas': 0.01}"
47,10,3,3001,12128,1,39.812335,-75.455196,WGS84,Lead (TSP) STP,24 HOUR,Lead Quarterly 1978,Observed Values,HI-VOL - ATOMIC ABSORPTION,1980,Micrograms/cubic meter (25 C),No Events,46,75,N,44,61,0,0,,,Certification not required,0,0.377304,0.24269000000000002,1.103,1980-02-21 00:00,1.024,1980-02-09 00:00,0.841,1980-03-10 00:00,0.7929999999999999,1980-02-15 00:00,,,,,1.103,1.103,0.841,0.737,0.49,0.303,0.126,,WOODS HAVEN-KRUSE SCHOOL (CLAYMONT),Delaware,New Castle,Not in a city,"Philadelphia-Camden-Wilmington, PA-NJ-DE-MD",2015-07-22,[ 39.812335 -75.455196],"{'Commercial and Services': 0.16, 'Residential': 0.27, 'Industrial': 0.15, 'Transportation, communications and services': 0.41, 'Transitional areas': 0.01}"
48,10,3,3001,42101,1,39.812335,-75.455196,WGS84,Carbon monoxide,1 HOUR,CO 1-hour 1971,Obseved hourly values,INSTRUMENTAL - NONDISPERSIVE INFRARED,1980,Parts per million,No Events,7583,86,Y,311,366,0,0,0.0,0.0,Certification not required,0,0.713438,1.099405,10.0,1980-11-21 08:00,9.0,1980-12-08 09:00,8.0,1980-01-07 10:00,8.0,1980-01-14 11:00,,,,,5.0,4.0,3.0,2.0,1.0,0.0,0.0,,WOODS HAVEN-KRUSE SCHOOL (CLAYMONT),Delaware,New Castle,Not in a city,"Philadelphia-Camden-Wilmington, PA-NJ-DE-MD",2016-04-06,[ 39.812335 -75.455196],"{'Commercial and Services': 0.16, 'Residential': 0.27, 'Industrial': 0.15, 'Transportation, communications and services': 0.41, 'Transitional areas': 0.01}"
49,10,3,3001,42101,1,39.812335,-75.455196,WGS84,Carbon monoxide,8-HR RUN AVG END HOUR,CO 8-hour 1971,8-Hour running average (end hour) of observed hourly values,,1980,Parts per million,No Events,7678,87,Y,303,366,0,0,0.0,0.0,Certification not required,0,0.720839,0.929394,6.3,1980-01-07 10:00,6.3,1980-01-07 11:00,6.0,1980-01-07 09:00,5.9,1980-01-07 08:00,6.3,1980-01-07 10:00,5.8,1980-09-20 03:00,4.4,3.6,2.5,2.0,1.0,0.4,0.0,,WOODS HAVEN-KRUSE SCHOOL (CLAYMONT),Delaware,New Castle,Not in a city,"Philadelphia-Camden-Wilmington, PA-NJ-DE-MD",2016-04-06,[ 39.812335 -75.455196],"{'Commercial and Services': 0.16, 'Residential': 0.27, 'Industrial': 0.15, 'Transportation, communications and services': 0.41, 'Transitional areas': 0.01}"
50,10,3,3001,42401,1,39.812335,-75.455196,WGS84,Sulfur dioxide,1 HOUR,SO2 1-hour 2010,Daily maximum 1-hour average,INSTRUMENTAL - FLAME PHOTOMETRIC,1980,Parts per billion,No Events,7869,90,Y,330,366,0,0,19.0,,Certification not required,0,28.878788,27.047472999999997,220.0,1980-10-11 06:00,170.0,1980-02-20 10:00,110.0,1980-07-14 13:00,110.0,1980-08-10 12:00,,,,,110.0,100.0,80.0,60.0,40.0,20.0,0.0,,WOODS HAVEN-KRUSE SCHOOL (CLAYMONT),Delaware,New Castle,Not in a city,"Philadelphia-Camden-Wilmington, PA-NJ-DE-MD",2013-02-16,[ 39.812335 -75.455196],"{'Commercial and Services': 0.16, 'Residential': 0.27, 'Industrial': 0.15, 'Transportation, communications and services': 0.41, 'Transitional areas': 0.01}"
51,10,3,3001,42401,1,39.812335,-75.455196,WGS84,Sulfur dioxide,1 HOUR,SO2 Annual 1971,Observed Values,INSTRUMENTAL - FLAME PHOTOMETRIC,1980,Parts per billion,No Events,7869,90,Y,330,366,0,0,,,Certification not required,0,6.707333,12.701788,220.0,1980-10-11 06:00,210.0,1980-10-11 05:00,170.0,1980-02-20 10:00,150.0,1980-02-20 11:00,,,,,60.0,50.0,30.0,20.0,10.0,0.0,0.0,,WOODS HAVEN-KRUSE SCHOOL (CLAYMONT),Delaware,New Castle,Not in a city,"Philadelphia-Camden-Wilmington, PA-NJ-DE-MD",2013-02-16,[ 39.812335 -75.455196],"{'Commercial and Services': 0.16, 'Residential': 0.27, 'Industrial': 0.15, 'Transportation, communications and services': 0.41, 'Transitional areas': 0.01}"
52,10,3,3001,42401,1,39.812335,-75.455196,WGS84,Sulfur dioxide,24-HR BLK AVG,SO2 24-hour 1971,Daily Average of observed values,,1980,Parts per billion,No Events,330,90,Y,330,366,0,0,0.0,,Certification not required,0,6.79697,7.27628,38.3,1980-02-22 00:00,36.7,1980-02-20 00:00,33.3,1980-10-11 00:00,32.3,1980-01-25 00:00,,,,,32.3,27.4,22.7,16.1,10.4,4.5,0.0,,WOODS HAVEN-KRUSE SCHOOL (CLAYMONT),Delaware,New Castle,Not in a city,"Philadelphia-Camden-Wilmington, PA-NJ-DE-MD",2013-02-16,[ 39.812335 -75.455196],"{'Commercial and Services': 0.16, 'Residential': 0.27, 'Industrial': 0.15, 'Transportation, communications and services': 0.41, 'Transitional areas': 0.01}"
53,10,3,3001,42401,1,39.812335,-75.455196,WGS84,Sulfur dioxide,3-HR BLK AVG,SO2 3-hour 1971,3-Hour block average of observed hourly values,,1980,Parts per billion,No Events,2449,84,Y,321,366,0,0,,0.0,Certification not required,0,6.512005,10.890272,126.6,1980-02-20 11:00,90.0,1980-01-01 14:00,86.6,1980-10-11 05:00,86.6,1980-10-11 08:00,,,,,46.6,40.0,26.6,20.0,10.0,0.0,0.0,,WOODS HAVEN-KRUSE SCHOOL (CLAYMONT),Delaware,New Castle,Not in a city,"Philadelphia-Camden-Wilmington, PA-NJ-DE-MD",2013-02-16,[ 39.812335 -75.455196],"{'Commercial and Services': 0.16, 'Residential': 0.27, 'Industrial': 0.15, 'Transportation, communications and services': 0.41, 'Transitional areas': 0.01}"
54,10,3,3001,42602,2,39.812335,-75.455196,WGS84,Nitrogen dioxide (NO2),1 HOUR,NO2 1-hour,Daily Maximum 1-hour average,INSTRUMENTAL - CHEMILUMINESCENCE,1980,Parts per billion,No Events,5020,57,N,201,366,0,0,26.0,,Certification not required,0,62.189055,35.456792,280.0,1980-02-20 08:00,200.0,1980-08-24 21:00,170.0,1980-08-23 00:00,150.0,1980-02-15 01:00,,,,,280.0,200.0,140.0,110.0,70.0,50.0,20.0,,WOODS HAVEN-KRUSE SCHOOL (CLAYMONT),Delaware,New Castle,Not in a city,"Philadelphia-Camden-Wilmington, PA-NJ-DE-MD",2013-05-16,[ 39.812335 -75.455196],"{'Commercial and Services': 0.16, 'Residential': 0.27, 'Industrial': 0.15, 'Transportation, communications and services': 0.41, 'Transitional areas': 0.01}"
55,10,3,3001,42602,2,39.812335,-75.455196,WGS84,Nitrogen dioxide (NO2),1 HOUR,NO2 Annual 1971,Observed values,INSTRUMENTAL - CHEMILUMINESCENCE,1980,Parts per billion,No Events,5020,57,N,201,366,0,0,,,Certification not required,0,26.553784999999998,25.302239,350.0,1980-02-19 20:00,330.0,1980-02-19 23:00,320.0,1980-02-19 22:00,290.0,1980-02-19 21:00,,,,,120.0,90.0,60.0,50.0,30.0,20.0,10.0,,WOODS HAVEN-KRUSE SCHOOL (CLAYMONT),Delaware,New Castle,Not in a city,"Philadelphia-Camden-Wilmington, PA-NJ-DE-MD",2013-05-16,[ 39.812335 -75.455196],"{'Commercial and Services': 0.16, 'Residential': 0.27, 'Industrial': 0.15, 'Transportation, communications and services': 0.41, 'Transitional areas': 0.01}"
56,10,3,3001,44201,1,39.812335,-75.455196,WGS84,Ozone,1 HOUR,Ozone 1-hour Daily 2005,Daily maxima of observed hourly values (between 9:00 AM and 8:00 PM),INSTRUMENTAL - CHEMILUMINESCENCE,1980,Parts per million,No Events,8037,93,Y,199,214,0,0,8.0,8.0,Certification not required,0,0.064472,0.031036,0.17,1980-07-16 16:00,0.14,1980-07-20 18:00,0.14,1980-07-21 16:00,0.14,1980-09-04 15:00,,,,,0.14,0.14,0.12,0.11,0.08,0.06,0.04,,WOODS HAVEN-KRUSE SCHOOL (CLAYMONT),Delaware,New Castle,Not in a city,"Philadelphia-Camden-Wilmington, PA-NJ-DE-MD",2016-08-18,[ 39.812335 -75.455196],"{'Commercial and Services': 0.16, 'Residential': 0.27, 'Industrial': 0.15, 'Transportation, communications and services': 0.41, 'Transitional areas': 0.01}"
57,10,3,3001,44201,1,39.812335,-75.455196,WGS84,Ozone,8-HR RUN AVG BEGIN HOUR,Ozone 8-Hour 1997,Daily maximum of 8 hour running average of observed hourly values,,1980,Parts per million,No Events,8158,86,Y,183,214,0,0,25.0,25.0,Certification not required,0,0.051387999999999996,0.025574,0.12,1980-07-16 12:00,0.113,1980-07-10 11:00,0.113,1980-07-21 10:00,0.10300000000000001,1980-06-15 12:00,,,,,0.113,0.10300000000000001,0.096,0.091,0.068,0.05,0.035,,WOODS HAVEN-KRUSE SCHOOL (CLAYMONT),Delaware,New Castle,Not in a city,"Philadelphia-Camden-Wilmington, PA-NJ-DE-MD",2016-08-18,[ 39.812335 -75.455196],"{'Commercial and Services': 0.16, 'Residential': 0.27, 'Industrial': 0.15, 'Transportation, communications and services': 0.41, 'Transitional areas': 0.01}"
58,10,3,3001,44201,1,39.812335,-75.455196,WGS84,Ozone,8-HR RUN AVG BEGIN HOUR,Ozone 8-Hour 2008,Daily maximum of 8 hour running average of observed hourly values,,1980,Parts per million,No Events,8159,87,Y,186,214,0,0,38.0,38.0,Certification not required,0,0.051838999999999996,0.025613,0.12,1980-07-16 12:00,0.113,1980-07-10 11:00,0.113,1980-07-21 10:00,0.10300000000000001,1980-06-15 12:00,,,,,0.113,0.10300000000000001,0.096,0.091,0.07,0.051,0.035,,WOODS HAVEN-KRUSE SCHOOL (CLAYMONT),Delaware,New Castle,Not in a city,"Philadelphia-Camden-Wilmington, PA-NJ-DE-MD",2016-08-18,[ 39.812335 -75.455196],"{'Commercial and Services': 0.16, 'Residential': 0.27, 'Industrial': 0.15, 'Transportation, communications and services': 0.41, 'Transitional areas': 0.01}"
59,10,3,3001,44201,1,39.812335,-75.455196,WGS84,Ozone,8-HR RUN AVG BEGIN HOUR,Ozone 8-hour 2015,Daily maximum of 8-hour running average,,1980,Parts per million,No Events,5808,93,Y,198,214,0,0,47.0,47.0,Certification not required,0,0.051258000000000005,0.025620999999999998,0.12,1980-07-16 12:00,0.113,1980-07-10 11:00,0.113,1980-07-21 10:00,0.10300000000000001,1980-06-15 12:00,,,,,0.113,0.10300000000000001,0.096,0.091,0.068,0.051,0.034,,WOODS HAVEN-KRUSE SCHOOL (CLAYMONT),Delaware,New Castle,Not in a city,"Philadelphia-Camden-Wilmington, PA-NJ-DE-MD",2016-08-18,[ 39.812335 -75.455196],"{'Commercial and Services': 0.16, 'Residential': 0.27, 'Industrial': 0.15, 'Transportation, communications and services': 0.41, 'Transitional areas': 0.01}"
0,10,5,1001,11101,1,38.651225,-75.612705,WGS84,Suspended particulate (TSP),24 HOUR,,Observed Values,HI-VOL - GRAVIMETRIC,1980,Micrograms/cubic meter (25 C),No Events,59,97,Y,59,61,0,0,,,Certification not required,0,59.915254000000004,32.605948,183.0,1980-07-26 00:00,170.0,1980-09-12 00:00,159.0,1980-08-31 00:00,119.0,1980-08-01 00:00,,,,,183.0,170.0,159.0,92.0,67.0,55.0,31.0,,SEAFORD WATER TOWER CEDAR ST,Delaware,Sussex,Seaford,"Salisbury, MD-DE",2010-04-25,[ 38.651225 -75.612705],"{'Commercial and Services': 0.4, 'Residential': 0.53, 'Cropland and pasture': 0.07}"
1,10,5,1001,42401,1,38.651225,-75.612705,WGS84,Sulfur dioxide,1 HOUR,SO2 1-hour 2010,Daily maximum 1-hour average,INSTRUMENTAL - FLAME PHOTOMETRIC,1980,Parts per billion,No Events,8068,92,Y,334,366,0,0,9.0,,Certification not required,0,8.952096000000001,20.64524,160.0,1980-03-05 08:00,130.0,1980-03-07 09:00,100.0,1980-03-04 23:00,100.0,1980-03-08 19:00,,,,,100.0,80.0,50.0,30.0,10.0,0.0,0.0,,SEAFORD WATER TOWER CEDAR ST,Delaware,Sussex,Seaford,"Salisbury, MD-DE",2013-02-16,[ 38.651225 -75.612705],"{'Commercial and Services': 0.4, 'Residential': 0.53, 'Cropland and pasture': 0.07}"
2,10,5,1001,42401,1,38.651225,-75.612705,WGS84,Sulfur dioxide,1 HOUR,SO2 Annual 1971,Observed Values,INSTRUMENTAL - FLAME PHOTOMETRIC,1980,Parts per billion,No Events,8068,92,Y,334,366,0,0,,,Certification not required,0,1.658404,7.646025,160.0,1980-03-05 08:00,160.0,1980-03-05 14:00,130.0,1980-03-07 09:00,120.0,1980-03-05 11:00,,,,,30.0,20.0,10.0,0.0,0.0,0.0,0.0,,SEAFORD WATER TOWER CEDAR ST,Delaware,Sussex,Seaford,"Salisbury, MD-DE",2013-02-16,[ 38.651225 -75.612705],"{'Commercial and Services': 0.4, 'Residential': 0.53, 'Cropland and pasture': 0.07}"
3,10,5,1001,42401,1,38.651225,-75.612705,WGS84,Sulfur dioxide,24-HR BLK AVG,SO2 24-hour 1971,Daily Average of observed values,,1980,Parts per billion,No Events,334,91,Y,334,366,0,0,0.0,,Certification not required,0,1.671557,5.005024,57.5,1980-03-05 00:00,31.7,1980-03-04 00:00,28.3,1980-03-08 00:00,22.1,1980-03-07 00:00,,,,,22.1,15.0,10.4,5.0,0.4,0.0,0.0,,SEAFORD WATER TOWER CEDAR ST,Delaware,Sussex,Seaford,"Salisbury, MD-DE",2013-02-16,[ 38.651225 -75.612705],"{'Commercial and Services': 0.4, 'Residential': 0.53, 'Cropland and pasture': 0.07}"
4,10,5,1001,42401,1,38.651225,-75.612705,WGS84,Sulfur dioxide,3-HR BLK AVG,SO2 3-hour 1971,3-Hour block average of observed hourly values,,1980,Parts per billion,No Events,2688,92,Y,334,366,0,0,,0.0,Certification not required,0,1.656734,6.604004,93.3,1980-03-05 08:00,86.6,1980-03-05 14:00,80.0,1980-03-05 11:00,76.6,1980-03-07 11:00,,,,,30.0,20.0,10.0,3.3,0.0,0.0,0.0,,SEAFORD WATER TOWER CEDAR ST,Delaware,Sussex,Seaford,"Salisbury, MD-DE",2013-02-16,[ 38.651225 -75.612705],"{'Commercial and Services': 0.4, 'Residential': 0.53, 'Cropland and pasture': 0.07}"
5,10,5,2001,44201,1,38.584557000000004,-75.27324499999999,WGS84,Ozone,1 HOUR,Ozone 1-hour Daily 2005,Daily maxima of observed hourly values (between 9:00 AM and 8:00 PM),INSTRUMENTAL - CHEMILUMINESCENCE,1980,Parts per million,No Events,1625,32,N,69,214,0,0,2.0,2.0,Certification not required,0,0.070522,0.025427,0.136,1980-08-28 15:00,0.126,1980-08-23 19:00,0.11599999999999999,1980-08-27 17:00,0.113,1980-08-29 13:00,,,,,0.136,0.126,0.113,0.11199999999999999,0.085,0.07200000000000001,0.037000000000000005,,DELMARVA POWER STATION-OUTSIDE MILLSBORO,Delaware,Sussex,Not in a city,"Salisbury, MD-DE",2016-08-18,[ 38.584557 -75.273245],"{'Residential': 0.13, 'Streams and canals': 0.28, 'Cropland and pasture': 0.13, 'Confined feeding operations': 0.01, 'Mixed forest land': 0.45}"
6,10,5,2001,44201,1,38.584557000000004,-75.27324499999999,WGS84,Ozone,8-HR RUN AVG BEGIN HOUR,Ozone 8-Hour 1997,Daily maximum of 8 hour running average of observed hourly values,,1980,Parts per million,No Events,1634,31,N,66,214,0,0,6.0,6.0,Certification not required,0,0.058788,0.022255,0.113,1980-08-28 12:00,0.10300000000000001,1980-08-27 12:00,0.102,1980-07-04 12:00,0.10099999999999999,1980-08-23 13:00,,,,,0.113,0.10300000000000001,0.10099999999999999,0.083,0.075,0.06,0.027000000000000003,,DELMARVA POWER STATION-OUTSIDE MILLSBORO,Delaware,Sussex,Not in a city,"Salisbury, MD-DE",2016-08-18,[ 38.584557 -75.273245],"{'Residential': 0.13, 'Streams and canals': 0.28, 'Cropland and pasture': 0.13, 'Confined feeding operations': 0.01, 'Mixed forest land': 0.45}"
7,10,5,2001,44201,1,38.584557000000004,-75.27324499999999,WGS84,Ozone,8-HR RUN AVG BEGIN HOUR,Ozone 8-Hour 2008,Daily maximum of 8 hour running average of observed hourly values,,1980,Parts per million,No Events,1634,31,N,67,214,0,0,17.0,17.0,Certification not required,0,0.05909,0.022223,0.113,1980-08-28 12:00,0.10300000000000001,1980-08-27 12:00,0.102,1980-07-04 12:00,0.10099999999999999,1980-08-23 13:00,,,,,0.113,0.10300000000000001,0.10099999999999999,0.083,0.076,0.06,0.027000000000000003,,DELMARVA POWER STATION-OUTSIDE MILLSBORO,Delaware,Sussex,Not in a city,"Salisbury, MD-DE",2016-08-18,[ 38.584557 -75.273245],"{'Residential': 0.13, 'Streams and canals': 0.28, 'Cropland and pasture': 0.13, 'Confined feeding operations': 0.01, 'Mixed forest land': 0.45}"
8,10,5,2001,44201,1,38.584557000000004,-75.27324499999999,WGS84,Ozone,8-HR RUN AVG BEGIN HOUR,Ozone 8-hour 2015,Daily maximum of 8-hour running average,,1980,Parts per million,No Events,1164,32,N,69,214,0,0,23.0,23.0,Certification not required,0,0.05924600000000001,0.022008,0.113,1980-08-28 12:00,0.10300000000000001,1980-08-27 12:00,0.102,1980-07-04 12:00,0.10099999999999999,1980-08-23 13:00,,,,,0.113,0.10300000000000001,0.10099999999999999,0.083,0.075,0.061,0.026000000000000002,,DELMARVA POWER STATION-OUTSIDE MILLSBORO,Delaware,Sussex,Not in a city,"Salisbury, MD-DE",2016-08-18,[ 38.584557 -75.273245],"{'Residential': 0.13, 'Streams and canals': 0.28, 'Cropland and pasture': 0.13, 'Confined feeding operations': 0.01, 'Mixed forest land': 0.45}"
